,Zone,Année,Qte pesticide(kg/ha),Rendement(hg/ha),Qte azote(N),Qte Engrais phosphatés,Qte potasse K2O,rainfall,Temperature
0,Angola,1991,0.02,157137,0.67,0.67,0.67,64.93303333333334,21.366644444444443
1,Angola,1992,0.01,164877,0.89,0.86,0.86,54.19785777777778,21.564788888888888
2,Angola,1993,0.05000000000000001,172617,0.57,0.86,0.86,69.29225777777779,21.321544444444445
3,Angola,1994,0.01,180354,0.57,1.43,0.86,55.321584444444426,21.326222222222224
4,Angola,1995,0.10000000000000002,188094,0.57,0.86,0.86,53.3821,21.84207777777777
5,Angola,1996,0.01,195834,0.57,0.57,0.57,62.43495222222222,21.400566666666666
6,Angola,1997,0.0033333333333333327,65903,0.57,0.0,0.0,74.79047222222222,21.666144444444445
7,Angola,1998,0.006666666666666667,127504,0.66,0.0,0.31,62.84605444444446,22.37117777777777
8,Angola,1999,0.006666666666666667,115384,0.68,0.0,0.32,64.36775555555555,21.325311111111112
9,Angola,2000,0.0033333333333333327,57778,0.42,0.0,0.0,70.63471222222222,21.48735555555556
10,Angola,2002,0.01,207984,0.81,0.3,0.41,71.08486888888888,22.024266666666666
11,Angola,2003,0.01,215340,0.5,0.41,0.74,60.99688666666668,22.07468888888889
12,Angola,2004,0.01,223878,2.0,1.01,1.12,73.91960111111112,21.63383333333333
13,Angola,2005,0.01,210738,1.03,0.42,0.63,60.29889666666668,22.36033333333333
14,Angola,2006,0.01,231354,1.85,0.38,1.13,73.08314222222221,21.630122222222226
15,Angola,2007,0.01,233457,1.51,0.65,0.88,65.66076,21.66406666666667
16,Angola,2008,0.01,356034,2.21,1.06,4.33,69.75673555555558,21.398333333333333
17,Angola,2009,0.01,357636,2.44,1.19,1.47,73.73298,21.822411111111112
18,Angola,2010,0.01,353259,3.96,1.97,1.95,64.96137,22.122133333333334
19,Angola,2011,0.01,377814,3.28,3.38,4.62,66.68139222222221,21.28894444444445
20,Angola,2012,0.01,217032,3.89,1.59,2.88,74.56949888888889,21.37454444444445
21,Angola,2013,0.01,243072,3.94,1.82,2.99,63.12987555555557,21.52133333333333
22,Angola,2014,0.01,275442,5.32,1.52,1.91,71.32040888888888,21.522722222222214
23,Angola,2015,0.01,298971,4.91,1.01,1.68,58.91892333333333,21.685588888888887
24,Angola,2016,0.01,298572,4.0,1.26,1.57,56.15287666666666,22.04772222222222
25,Bahamas,2001,33.0,801315,36.36,18.18,18.18,133.17428888888892,25.33971111111111
26,Bahamas,2012,21.17,911502,58.05,24.54,20.81,145.35834444444447,25.651855555555557
27,Bahamas,2013,21.17,929871,40.82,26.33,22.56,116.81386666666668,25.541722222222226
28,Bahamas,2014,21.17,946335,46.31,22.97,32.45,136.1362111111111,26.022277777777767
29,Bahamas,2015,21.17,969921,55.25,33.63,37.71,106.3095222222222,26.308711111111112
30,Bahamas,2016,21.17,974475,55.25,33.63,37.71,130.42512222222223,26.01427777777778
31,Bangladesh,1991,0.13,83679,72.59,22.28,8.46,264.39002222222217,25.699255555555553
32,Bangladesh,1992,0.16,88899,79.71,23.69,8.21,182.27524444444444,25.480277777777772
33,Bangladesh,1993,0.17,87966,82.93,16.93,7.04,278.1740533333334,25.2357
34,Bangladesh,1994,0.18000000000000002,88653,91.75,17.52,10.55,190.99293333333333,25.808311111111113
35,Bangladesh,1995,0.19000000000000006,87852,107.48,18.01,10.71,243.1409633333334,26.08182222222222
36,Bangladesh,1996,0.22,90363,114.14,13.46,13.41,217.89256444444442,26.008288888888888
37,Bangladesh,1997,0.23,86697,100.01,13.33,13.21,244.35047222222227,25.4661
38,Bangladesh,1998,0.23,91560,99.9,18.27,14.33,260.0955222222222,25.9452
39,Bangladesh,1999,0.28,91440,114.19,23.34,16.16,256.8483788888889,26.392022222222227
40,Bangladesh,2000,0.36000000000000004,94989,113.17,28.45,8.41,248.78365555555558,25.3825
41,Bangladesh,2001,0.3800000000000001,93186,119.76,28.28,16.63,219.50480777777776,26.19508888888889
42,Bangladesh,2002,0.48,90597,123.28,36.76,17.82,257.62285,25.98155555555556
43,Bangladesh,2003,0.63,91467,109.0,22.95,19.14,226.95693222222218,25.95763333333333
44,Bangladesh,2004,0.8000000000000002,91101,109.37,31.28,18.67,202.46334222222217,26.15373333333333
45,Bangladesh,2005,0.93,122601,114.03,37.51,28.05,185.9098733333333,26.33663333333334
46,Bangladesh,2006,1.08,126168,126.6,34.4,14.38,215.61890111111111,26.640933333333336
47,Bangladesh,2007,1.26,150030,120.99,29.55,15.79,314.45344,26.162044444444447
48,Bangladesh,2008,1.43,140796,148.73,12.68,19.0,221.6564666666667,26.0267
49,Bangladesh,2009,1.59,128208,133.72,19.69,16.88,205.7226933333333,26.924966666666666
50,Bangladesh,2010,1.53,126873,135.03,34.27,22.72,234.93788333333336,26.720766666666666
51,Bangladesh,2011,1.74,119595,149.49,46.87,33.91,302.76279777777773,26.01474444444445
52,Bangladesh,2012,1.5599999999999998,151923,132.6,58.69,43.17,213.7579488888889,25.656922222222217
53,Bangladesh,2013,1.8,143817,130.67,58.82,40.27,211.74795777777774,25.729888888888887
54,Bangladesh,2014,1.87,162873,144.75,66.46,40.73,207.26706666666664,25.635366666666666
55,Bangladesh,2015,1.5599999999999998,123372,154.28,70.86,44.85,272.42413999999997,25.54136666666666
56,Bangladesh,2016,1.67,140820,136.41,74.29,50.76,213.20505444444447,26.008144444444447
57,Belize,1991,8.59,108744,18.52,24.69,20.99,145.08563333333333,25.97382222222223
58,Belize,1992,11.46,175893,17.24,27.59,21.84,158.37436666666662,25.59275555555556
59,Belize,1993,11.26,179229,15.96,31.91,20.21,195.2995,25.506477777777782
60,Belize,1994,11.9,280248,12.77,14.89,21.28,162.22042222222225,25.804722222222228
61,Belize,1995,12.29,264507,13.54,28.13,10.42,178.9512555555556,25.77464444444444
62,Belize,1996,12.78,273816,10.31,13.4,10.31,148.58768888888892,25.40133333333333
63,Belize,1997,13.28,305646,13.27,25.51,10.2,163.71315555555555,26.048800000000004
64,Belize,1998,13.9,231963,19.78,27.55,10.2,149.09513444444445,26.031355555555553
65,Belize,1999,13.62,229452,22.95,28.0,10.0,167.19146666666666,25.40943333333333
66,Belize,2000,13.089999999999998,356676,28.69,19.19,14.14,159.03275555555558,25.481722222222228
67,Belize,2001,17.36,424722,19.19,23.23,5.05,167.18164444444446,25.998866666666668
68,Belize,2002,14.99,447945,119.02,96.42,36.92,151.49945888888888,26.107344444444447
69,Belize,2003,13.14,416247,202.88,45.49,14.04,126.31331111111109,26.3631
70,Belize,2004,11.27,520758,25.43,24.5,4.05,148.62358888888892,26.071255555555553
71,Belize,2005,9.41,606816,40.28,15.15,0.16,170.04678888888893,26.288377777777768
72,Belize,2006,7.55,505785,28.05,32.93,0.27,220.22964444444452,26.01531111111111
73,Belize,2007,6.61,430110,25.43,15.29,1.05,167.10371111111112,26.19607777777778
74,Belize,2008,9.65,455241,16.35,15.94,1.85,176.50104444444443,26.24136666666667
75,Belize,2009,7.510000000000002,443643,55.79,25.94,2.7,137.63322222222223,26.253766666666664
76,Belize,2010,6.54,389853,21.31,12.17,7.19,214.1132888888889,26.058555555555554
77,Belize,2011,7.73,324642,53.28,107.02,4.21,174.51582222222225,26.45341111111112
78,Belize,2012,5.8,427707,55.42,31.53,12.38,180.0235888888889,26.315944444444447
79,Belize,2013,9.43,298902,124.42,76.29,75.21,227.33331111111116,26.156066666666664
80,Belize,2014,8.0,299973,161.69,64.37,39.3,156.28525555555558,26.19086666666667
81,Belize,2015,8.89,327750,146.79,94.14,39.65,128.84117777777777,26.44567777777777
82,Belize,2016,10.49,270021,140.1,106.16,56.8,163.55531111111108,26.5844
83,Botswana,1991,0.06,219798,1.0,1.33,0.66,35.058351111111115,20.43593333333333
84,Botswana,1992,0.07,213087,1.2,1.59,0.8,11.475483333333333,21.4847
85,Botswana,1993,0.05000000000000001,206373,1.14,1.14,0.57,18.993376666666666,20.9781
86,Botswana,1994,0.04,199662,1.26,1.01,0.25,24.22899111111111,20.238044444444444
87,Botswana,1995,0.05000000000000001,192948,6.16,0.31,0.13,18.424403333333327,21.154466666666668
88,Botswana,1996,0.05000000000000001,159348,9.22,0.3,0.14,31.32632333333333,20.309244444444445
89,Botswana,1997,0.06,129798,11.63,0.66,0.33,35.944335555555575,20.411933333333334
90,Botswana,1998,0.07,109092,16.23,1.3,0.87,22.640141111111113,21.522344444444446
91,Botswana,1999,0.07,115386,17.01,1.24,0.83,23.432634444444453,21.162555555555556
92,Botswana,2000,0.05000000000000001,120000,11.68,0.85,0.57,41.42246555555556,20.267511111111116
93,Botswana,2001,0.08,119220,20.4,1.49,1.0,31.66974111111111,20.891755555555555
94,Botswana,2009,0.05000000000000001,125001,42.86,2.82,2.61,28.996948888888888,21.46021111111111
95,Botswana,2010,0.07,205848,76.39,3.21,2.89,40.75892888888889,21.41451111111111
96,Botswana,2011,0.05000000000000001,138462,25.95,2.27,1.27,44.06607666666666,20.78131111111111
97,Botswana,2012,0.06,138462,52.79,0.88,0.78,24.190451111111113,21.098855555555552
98,Botswana,2013,0.06,354969,77.95,1.38,0.61,23.665875555555555,20.97321111111111
99,Botswana,2014,0.04,145950,52.37,2.78,2.41,29.778701111111108,21.0404
100,Botswana,2015,0.06,1052499,80.87,4.29,3.72,23.493218888888887,21.420833333333334
101,Botswana,2016,0.06,151773,80.87,4.29,3.72,25.544165555555548,21.5435
102,France,1991,5.43,496758,134.95,65.92,91.45,56.11925555555555,12.05195888888889
103,France,1992,4.47,425220,113.06,54.01,70.7,64.15228888888889,12.226546666666666
104,France,1993,4.78,378714,115.55,52.37,71.5,68.03888888888889,12.042448888888893
105,France,1994,4.64,318366,119.7,53.44,71.22,80.62841111111112,12.814521111111109
106,France,1995,4.34,349650,123.62,53.31,77.07,74.61554444444444,12.588444444444445
107,France,1996,5.05,276477,130.31,54.31,76.84,61.477455555555565,11.688637777777776
108,France,1997,5.650000000000001,285702,129.4,53.49,73.99,58.32123333333334,12.912933333333333
109,France,1998,5.54,285600,127.84,51.96,68.73,64.69341111111112,12.764822222222223
110,France,1999,5.88,334491,131.89,49.53,62.39,76.53602222222223,13.071508888888891
111,France,2000,5.02,330240,118.81,40.78,53.01,66.63317777777777,12.818261111111115
112,France,2001,5.12,318312,123.05,38.96,52.46,80.0633666666667,12.632704444444444
113,France,2002,4.23,352791,112.99,36.58,49.49,67.78263333333332,12.740595555555556
114,France,2003,3.83,301620,122.0,38.31,50.25,49.63178888888889,13.234824444444444
115,France,2004,3.91,381498,119.31,35.06,45.64,61.689088888888904,12.501533333333334
116,France,2005,4.02,334908,113.15,30.63,37.72,52.41929999999999,12.553458888888885
117,France,2006,3.68,409833,113.43,28.58,37.62,66.96785555555556,12.64786777777778
118,France,2007,3.99,283803,124.08,32.65,41.02,75.56423333333333,13.097380000000001
119,France,2008,4.07,341673,108.64,15.32,20.19,75.05371111111111,12.663643333333335
120,France,2009,3.2999999999999994,378360,98.57,8.55,7.02,59.00124444444445,12.614972222222226
121,France,2010,3.2099999999999995,341043,105.79,14.4,22.47,63.19163333333334,11.937417777777776
122,France,2011,3.18,404439,100.84,12.53,20.54,53.37777777777778,13.199015555555556
123,France,2012,3.31,406641,105.0,22.52,24.9,60.995977777777775,12.493054444444445
124,France,2013,3.4500000000000006,310593,112.34,25.04,23.29,73.5838111111111,11.884093333333333
125,France,2014,3.9,384756,111.73,23.01,25.02,74.21131111111113,13.371021111111114
126,France,2015,3.44,300648,115.07,22.61,24.09,62.48884444444444,13.002591111111114
127,France,2016,3.72,488625,113.28,21.17,20.33,71.06562222222223,13.032921111111113
128,Ghana,1991,0.02,182937,1.62,0.05,0.19,125.72845222222219,27.49971111111111
129,Ghana,1992,0.02,190722,1.62,0.46,0.25,88.57355888888887,27.21353333333333
130,Ghana,1993,0.02,189198,1.18,0.31,0.23,102.00828555555556,27.344955555555554
131,Ghana,1994,0.01,192384,0.6,0.44,0.67,98.99690111111113,27.45342222222223
132,Ghana,1995,0.01,209646,0.68,0.53,0.85,111.21290666666668,27.596455555555554
133,Ghana,1996,0.32,214680,1.47,0.71,1.37,116.63999666666668,27.5808
134,Ghana,1997,0.09000000000000001,217305,1.64,1.12,1.26,109.77951111111109,27.421511111111123
135,Ghana,1998,0.05000000000000001,210231,1.28,0.64,0.75,90.20995555555555,28.1519
136,Ghana,1999,0.02,209376,1.37,0.72,0.55,119.19741111111112,27.5234
137,Ghana,2000,0.01,210636,1.16,0.45,0.35,104.04239111111113,27.61614444444444
138,Ghana,2001,0.01,210567,2.28,1.38,1.33,102.26848444444445,27.613122222222227
139,Ghana,2002,0.01,239556,0.68,0.02,1.77,110.94584222222224,27.85273333333333
140,Ghana,2003,0.02,268122,1.31,0.43,2.64,112.22472222222223,27.828688888888887
141,Ghana,2004,0.02,349188,0.84,0.53,6.4,103.47365555555557,27.59206666666667
142,Ghana,2005,0.03,418056,1.63,0.93,0.97,101.28489222222224,27.962988888888887
143,Ghana,2006,0.11,432954,4.31,2.17,5.55,101.49342333333333,27.97975555555556
144,Ghana,2007,0.02,637281,3.65,1.88,5.23,119.84546666666664,27.84783333333333
145,Ghana,2008,0.05000000000000001,798171,2.52,1.36,5.09,126.49905000000004,27.43798888888889
146,Ghana,2009,0.05000000000000001,803634,2.9,4.59,4.47,118.16065333333331,27.928655555555547
147,Ghana,2010,0.05000000000000001,818640,3.39,3.39,5.02,113.00843333333334,28.371588888888887
148,Ghana,2011,0.05000000000000001,833247,1.45,2.41,4.56,102.67813666666667,27.976388888888888
149,Ghana,2012,0.05000000000000001,856596,5.72,9.49,6.87,109.25016666666664,27.57557777777778
150,Ghana,2013,0.05000000000000001,880500,6.13,5.28,4.64,94.88316666666668,27.863788888888887
151,Ghana,2014,0.05000000000000001,900525,5.16,2.11,2.7,111.82656666666666,27.967088888888888
152,Ghana,2015,0.05000000000000001,901464,5.8,4.95,4.34,88.66246,28.171122222222227
153,Ghana,2016,0.05000000000000001,889257,5.8,3.59,4.22,114.16633111111112,28.253022222222217
154,Guatemala,1991,6.72,509970,55.01,15.13,10.08,185.60171111111111,24.113944444444442
155,Guatemala,1992,6.72,535356,56.02,20.11,12.32,206.28542222222225,23.769088888888888
156,Guatemala,1993,6.39,654051,56.91,18.62,15.96,247.66572222222226,23.7101
157,Guatemala,1994,6.28,613908,58.64,19.37,10.47,188.71717777777775,24.06343333333333
158,Guatemala,1995,6.28,667050,60.21,20.42,16.75,278.63642222222217,23.904444444444447
159,Guatemala,1996,6.28,668463,57.59,19.37,18.85,222.21252222222225,23.552077777777786
160,Guatemala,1997,5.95,658575,61.69,25.47,21.88,201.82897777777774,24.240822222222228
161,Guatemala,1998,5.62,634905,52.33,22.95,14.15,205.8247555555556,24.34141111111111
162,Guatemala,1999,5.3,632937,63.92,18.66,18.71,242.72553333333335,23.70212222222223
163,Guatemala,2000,4.93,624846,63.36,23.46,20.87,225.3413,23.815944444444447
164,Guatemala,2001,5.04,495468,57.64,26.72,18.35,216.0527888888889,24.265244444444445
165,Guatemala,2002,5.13,469626,41.56,22.81,5.86,210.8139888888889,24.358844444444447
166,Guatemala,2003,4.19,460569,46.05,18.23,5.01,172.42462222222218,24.626188888888887
167,Guatemala,2004,5.2,461532,61.02,22.97,2.93,205.6697888888889,24.421344444444447
168,Guatemala,2005,6.03,462093,58.65,26.93,2.94,247.8205388888889,24.584611111111112
169,Guatemala,2006,6.77,400743,61.85,21.54,3.57,251.87566666666663,24.305022222222217
170,Guatemala,2007,9.13,378264,53.08,22.0,2.72,220.70414444444447,24.356055555555557
171,Guatemala,2008,7.98,353454,38.94,11.06,3.75,246.66549999999995,24.4388
172,Guatemala,2009,6.010000000000002,360462,54.53,13.02,4.91,184.77241111111115,24.514922222222218
173,Guatemala,2010,6.88,368337,65.62,30.28,8.55,318.9169,24.384222222222217
174,Guatemala,2011,7.760000000000002,375711,84.68,24.28,9.52,260.1869888888889,24.5966
175,Guatemala,2012,9.45,401862,88.91,31.61,16.06,209.73945555555557,24.555166666666665
176,Guatemala,2013,10.06,397437,89.37,29.01,21.84,287.1236555555556,24.40713333333333
177,Guatemala,2014,10.27,427428,81.38,36.05,22.05,220.9048555555556,24.503311111111113
178,Guatemala,2015,10.02,443688,88.82,26.45,28.92,170.44216666666662,24.72283333333333
179,Guatemala,2016,10.02,463839,81.8,19.28,26.7,220.394,24.915288888888888
180,Guyana,1991,0.58,193266,25.79,3.17,1.98,217.17638888888888,25.60157777777778
181,Guyana,1992,0.58,216000,20.83,1.79,1.59,159.16605555555554,25.18826666666667
182,Guyana,1993,0.58,207273,19.84,1.98,1.98,220.92424444444447,25.18406666666667
183,Guyana,1994,0.58,189984,16.07,1.98,3.97,216.86955555555562,25.392877777777773
184,Guyana,1995,0.58,190614,23.81,1.98,3.97,200.96743333333336,26.161744444444448
185,Guyana,1996,0.58,174675,21.63,2.78,1.98,255.76914444444446,25.713444444444452
186,Guyana,1997,0.58,152691,27.73,1.39,1.98,220.6735,25.70178888888889
187,Guyana,1998,0.58,150351,27.38,1.79,0.4,210.56007777777782,26.604844444444453
188,Guyana,1999,0.57,152916,30.75,5.55,1.19,244.4873333333333,25.64733333333333
189,Guyana,2000,0.61,166536,22.46,2.61,1.26,298.6148888888889,25.703055555555554
190,Guyana,2001,0.61,148338,23.43,2.51,1.26,156.76531111111117,25.903066666666664
191,Guyana,2002,0.61,159411,28.47,2.67,0.03,223.25136666666668,25.67773333333333
192,Guyana,2003,0.61,155889,20.12,1.51,0.07,196.75237777777772,26.221144444444448
193,Guyana,2004,0.61,162705,39.99,1.15,1.06,228.63757777777784,25.856922222222227
194,Guyana,2005,0.6,162717,13.79,3.57,3.35,254.27288888888884,26.205822222222217
195,Guyana,2006,0.77,172074,18.53,3.4,8.62,264.20647777777776,26.065777777777768
196,Guyana,2007,0.55,146961,14.21,16.38,0.03,261.3660444444444,25.96583333333334
197,Guyana,2008,0.3466666666666667,113592,40.76,12.48,0.0,254.53533333333337,25.747022222222217
198,Guyana,2009,0.59,174312,14.96,3.88,0.14,194.96785555555556,26.115777777777772
199,Guyana,2010,0.47,180858,31.55,4.53,0.78,239.58164444444438,26.453011111111113
200,Guyana,2011,0.9,138741,14.23,11.28,0.59,251.9983,25.963177777777766
201,Guyana,2012,0.96,88665,25.25,13.69,1.88,224.7479111111111,25.65626666666667
202,Guyana,2013,0.8000000000000002,114213,36.88,11.1,9.48,220.81846666666667,25.842633333333332
203,Guyana,2014,0.8000000000000002,155640,31.74,12.72,5.14,126.29918888888885,26.173444444444453
204,Guyana,2015,0.7799999999999999,297861,37.44,12.31,1.48,189.17775555555562,26.318
205,Guyana,2016,0.7600000000000001,168057,23.65,13.9,2.31,193.15854444444446,26.271100000000004
206,Honduras,1991,1.83,329307,10.86,4.35,4.12,132.42734444444446,24.16067777777777
207,Honduras,1992,3.22,303168,11.28,6.21,4.43,139.65901111111108,24.080055555555553
208,Honduras,1993,3.36,351930,16.38,6.45,4.47,201.4765111111111,23.880744444444453
209,Honduras,1994,2.74,347409,6.03,6.53,2.26,125.66797777777779,24.19083333333333
210,Honduras,1995,4.0,336786,37.08,4.26,4.26,184.5203777777777,24.113766666666667
211,Honduras,1996,3.31,332553,25.54,9.85,6.97,159.21021111111108,23.66818888888889
212,Honduras,1997,3.72,329274,44.23,12.91,19.52,134.82544444444446,24.32473333333333
213,Honduras,1998,1.86,305382,50.08,12.27,12.27,133.21418555555556,24.497366666666665
214,Honduras,1999,1.31,267228,59.93,16.58,13.14,165.61572222222222,23.75753333333333
215,Honduras,2000,3.07,274644,95.23,15.14,16.12,152.60412555555556,23.78836666666667
216,Honduras,2001,0.8000000000000002,307149,77.03,12.61,16.46,147.88475444444444,24.254166666666666
217,Honduras,2002,1.24,401565,22.79,0.77,0.35,136.90233333333333,24.42051111111111
218,Honduras,2003,1.67,401196,35.93,4.39,0.45,133.84824444444448,24.596044444444445
219,Honduras,2004,2.11,398343,49.06,4.35,45.0,173.2924,24.338555555555555
220,Honduras,2005,2.53,394515,51.99,10.16,54.33,159.49015555555556,24.47733333333333
221,Honduras,2006,2.94,395703,61.28,11.31,63.22,200.77113333333332,24.27816666666667
222,Honduras,2007,3.62,414666,57.12,10.83,60.06,157.17764444444444,24.281644444444453
223,Honduras,2008,3.59,415800,31.27,23.15,22.38,172.76637777777782,24.505722222222218
224,Honduras,2009,3.02,429315,35.4,8.05,0.76,135.12937444444444,24.5446
225,Honduras,2010,3.82,450378,33.56,6.36,4.09,194.33566222222225,24.57443333333333
226,Honduras,2011,4.13,429522,54.49,9.52,5.36,160.20244444444444,24.54426666666667
227,Honduras,2012,4.61,409062,48.36,11.73,10.34,157.05831111111112,24.3462
228,Honduras,2013,4.61,402864,57.9,30.43,27.0,198.4609333333333,24.259788888888888
229,Honduras,2014,4.61,790167,47.46,16.21,27.72,127.36815555555556,24.449766666666665
230,Honduras,2015,4.61,813975,48.31,21.25,16.53,127.98007777777778,24.603577777777772
231,Honduras,2016,4.61,833640,61.59,22.21,23.51,136.26413333333332,24.81805555555556
232,Iraq,1991,0.08,111550,16.87,7.05,0.0,15.667744444444445,23.339175555555553
233,Iraq,1992,0.08,110444,23.42,14.41,0.0,15.786356666666668,21.761392222222227
234,Iraq,1993,0.12,160368,38.5,18.91,1.87,18.93070111111111,22.940242222222217
235,Iraq,1994,0.13,226809,44.49,26.36,0.93,14.116325555555555,24.244211111111113
236,Iraq,1995,0.16,300591,44.12,21.25,0.1,12.196963333333333,23.920844444444448
237,Iraq,1996,0.12,306744,47.16,20.37,1.96,19.95688,24.18972
238,Iraq,1997,0.18000000000000002,310398,52.08,23.95,0.54,13.854446666666664,22.936320000000002
239,Iraq,1998,0.1,203572,51.27,26.96,0.0,15.601228888888887,24.124964444444448
240,Iraq,1999,0.11,301548,53.62,27.94,0.15,11.600412222222221,24.69567777777777
241,Iraq,2000,0.13,293613,58.26,27.26,0.81,9.74443,24.25243
242,Iraq,2001,0.19000000000000006,375360,111.8,30.24,0.31,12.036786666666664,24.558122222222227
243,Iraq,2002,0.18000000000000002,384000,104.79,26.18,0.14,14.392023333333334,23.8908
244,Iraq,2003,0.18000000000000002,244728,9.64,14.67,0.15,14.547535555555555,23.92193333333333
245,Iraq,2004,0.18000000000000002,122841,21.9,1.48,0.32,14.965944444444444,24.058755555555553
246,Iraq,2005,0.16,107574,28.55,11.6,0.45,13.221947777777775,23.754655555555555
247,Iraq,2006,0.17,106266,33.47,11.02,0.28,16.809907777777774,24.55821555555556
248,Iraq,2007,0.21,96789,24.6,11.58,0.27,13.961007777777775,23.878293333333332
249,Iraq,2008,0.23,91785,39.17,15.19,0.24,6.9636611111111115,24.204567777777783
250,Iraq,2009,0.22,96588,44.64,12.04,0.39,9.169042222222224,23.79069444444444
251,Iraq,2010,0.18000000000000002,88023,25.59,5.78,1.14,12.744145555555555,25.58436666666667
252,Iraq,2011,0.14,65550,30.4,5.36,1.19,13.907216666666665,24.02964222222223
253,Iraq,2012,0.12,62997,34.73,11.36,0.61,9.997144444444443,24.05628333333333
254,Iraq,2013,0.09000000000000001,62682,32.86,13.81,0.83,12.996605555555556,24.15873333333333
255,Iraq,2014,0.08,61605,15.22,2.55,0.82,10.388428888888887,24.67152333333333
256,Iraq,2015,0.04,60459,12.05,2.21,0.48,7.964540000000001,24.932688888888887
257,Iraq,2016,0.03,58476,19.9,7.18,0.34,16.630401111111112,24.98778888888889
258,Kazakhstan,2000,0.10000000000000002,300000,0.99,0.16,0.07,21.51757777777777,10.020411111111107
259,Kazakhstan,2001,0.10000000000000002,300000,1.42,0.19,0.1,21.318622222222224,9.716121111111109
260,Kazakhstan,2002,0.12,266940,0.45,0.38,0.01,26.168924444444446,10.707633333333332
261,Kazakhstan,2003,0.13,253614,0.69,0.5,0.0,25.05514444444445,8.546161111111111
262,Kazakhstan,2004,0.13,243492,0.87,0.49,0.12,20.901333333333334,10.149787777777778
263,Kazakhstan,2005,0.13,150000,0.71,0.59,0.12,20.896512222222224,9.414751111111112
264,Kazakhstan,2006,0.14,266796,0.97,0.47,0.01,19.542126666666665,9.376755555555556
265,Kazakhstan,2007,0.19000000000000006,300000,1.3,0.71,0.03,22.43888888888889,10.3699
266,Kazakhstan,2008,0.25,347733,0.57,0.5,0.01,18.521066666666666,9.547392222222221
267,Kazakhstan,2009,0.3,450000,1.03,0.91,0.03,23.94961111111111,9.057363333333337
268,Kazakhstan,2010,0.22,300000,1.41,0.51,0.11,19.569726666666668,9.098038888888887
269,Kazakhstan,2011,0.36000000000000004,300000,1.62,1.21,0.15,22.146844444444447,8.848722222222221
270,Kazakhstan,2012,0.29,450000,3.57,0.71,0.12,18.505814444444443,9.434011111111113
271,Kazakhstan,2013,0.3,420000,1.89,0.87,0.12,27.23924444444444,10.116908888888887
272,Kazakhstan,2014,0.3800000000000001,480000,2.72,1.09,0.12,19.2939,8.882255555555554
273,Kazakhstan,2015,0.36000000000000004,474483,3.08,1.11,0.08,22.926111111111112,10.012294444444443
274,Kazakhstan,2016,0.36000000000000004,469203,3.42,3.28,0.57,28.364722222222227,11.092711111111115
275,Kenya,1991,0.62,185853,9.4,9.7,1.11,49.02251111111111,24.62634444444444
276,Kenya,1992,0.6,198606,8.28,7.93,1.44,40.14144444444445,24.634788888888888
277,Kenya,1993,0.63,251466,7.6,9.4,1.05,49.95236666666667,24.454822222222226
278,Kenya,1994,0.58,272496,8.56,11.97,1.35,43.974974444444435,24.542244444444442
279,Kenya,1995,0.7799999999999999,281685,5.58,6.76,0.91,49.77973333333334,24.817077777777783
280,Kenya,1996,1.23,261909,12.23,14.72,4.27,46.48753333333334,24.814655555555557
281,Kenya,1997,0.98,268860,9.63,13.11,2.64,46.63326666666667,24.814177777777783
282,Kenya,1998,0.8000000000000002,248829,10.28,11.07,3.3,67.71381111111111,24.906
283,Kenya,1999,0.55,269895,9.72,15.23,1.61,42.58816777777777,25.00608888888889
284,Kenya,2000,0.37,266004,13.02,13.26,0.85,32.04500666666667,24.868255555555557
285,Kenya,2001,0.28,265185,14.45,11.23,1.41,47.17307333333334,25.021655555555554
286,Kenya,2002,0.29,237420,11.37,13.68,0.16,55.51603333333333,25.434833333333334
287,Kenya,2003,0.28,213579,12.21,16.21,2.13,53.10245,25.430444444444447
288,Kenya,2004,0.28,217119,11.37,12.33,1.87,39.803066666666666,25.42278888888889
289,Kenya,2005,0.28,239109,12.72,16.34,2.64,33.94655555555555,25.34014444444445
290,Kenya,2006,0.27,256071,13.5,14.81,2.28,54.21736666666666,25.248122222222218
291,Kenya,2007,0.27,294939,13.77,17.18,2.48,55.68036666666667,25.01596666666667
292,Kenya,2008,0.27,294570,12.63,16.88,0.98,48.23866666666667,24.99403333333333
293,Kenya,2009,0.26,295260,11.26,15.57,2.45,37.436488888888896,25.5072
294,Kenya,2010,0.26,319740,11.76,12.6,3.37,53.63015555555555,25.36723333333333
295,Kenya,2011,0.25,265176,17.69,17.03,5.21,42.98153333333333,25.44325555555555
296,Kenya,2012,0.25,250245,14.24,14.26,3.06,48.03556666666666,25.237477777777773
297,Kenya,2013,0.25,299358,20.36,12.16,3.01,64.02496666666667,25.08673333333333
298,Kenya,2014,0.25,309897,36.17,1.9,1.19,44.227455555555565,25.40375555555556
299,Kenya,2015,0.25,296886,20.98,3.16,2.02,53.41895555555556,25.328111111111113
300,Kenya,2016,0.25,265884,15.73,9.68,1.19,50.32652222222222,25.7487
301,Madagascar,1991,0.04,206277,1.12,0.7,1.01,111.82583333333336,22.055444444444447
302,Madagascar,1992,0.03,200133,1.17,0.49,0.63,119.69584444444449,21.965155555555558
303,Madagascar,1993,0.03,195363,1.71,0.45,1.01,128.03740333333334,21.924788888888887
304,Madagascar,1994,0.02,195051,1.73,0.76,0.75,113.93216666666667,22.31356666666667
305,Madagascar,1995,0.02,193965,2.22,0.77,0.61,124.47582222222223,22.128300000000007
306,Madagascar,1996,0.04,192186,2.56,1.33,0.9,138.82648888888892,21.97221111111111
307,Madagascar,1997,0.04,193128,1.04,0.86,0.82,125.44313333333334,22.12603333333333
308,Madagascar,1998,0.03,192405,1.03,0.78,0.67,141.93527777777774,22.54217777777778
309,Madagascar,1999,0.01,191886,1.23,0.65,0.37,106.19968888888887,22.018222222222217
310,Madagascar,2000,0.04,191457,1.08,0.85,0.67,97.12347777777778,22.20264444444444
311,Madagascar,2001,0.02,190194,0.9,0.8,0.85,116.4853333333333,22.33003333333333
312,Madagascar,2002,0.07,190596,0.76,0.5,0.5,112.57817777777777,22.16624444444444
313,Madagascar,2003,0.04,191199,1.32,0.27,0.37,131.50198888888892,22.295822222222217
314,Madagascar,2004,0.02,190239,0.81,0.53,0.54,117.0444222222222,22.03896666666667
315,Madagascar,2005,0.03,190362,2.07,1.27,1.3,108.16675555555555,22.390911111111112
316,Madagascar,2006,0.03,187578,1.06,0.57,0.47,112.12792222222221,22.267166666666665
317,Madagascar,2007,0.03,179646,1.25,0.71,0.72,107.40343333333334,22.478011111111112
318,Madagascar,2008,0.03,182172,2.08,0.66,0.82,114.70032222222223,21.980988888888888
319,Madagascar,2009,0.04,180405,1.23,0.45,0.49,114.9099222222222,22.44641111111111
320,Madagascar,2010,0.07,169635,1.27,0.57,0.64,113.54527777777777,22.818844444444448
321,Madagascar,2011,0.09000000000000001,184674,2.41,0.47,0.63,112.06378888888888,22.54656666666667
322,Madagascar,2012,0.11,196710,4.68,0.63,0.56,112.57718888888887,22.38354444444445
323,Madagascar,2013,0.14,195381,2.85,0.62,0.53,123.98491111111113,22.29545555555556
324,Madagascar,2014,0.13,190542,5.09,1.11,1.08,117.46261111111113,22.546388888888888
325,Madagascar,2015,0.11,188250,4.57,0.74,0.97,105.70664444444445,22.54642222222223
326,Madagascar,2016,0.14,189270,2.59,1.2,1.2,109.89034222222219,22.387888888888888
327,Malawi,1991,0.07,3830070,18.55,6.45,3.23,88.09148444444445,21.423600000000004
328,Malawi,1992,0.07,5140641,21.32,5.76,3.29,52.96411888888888,21.85183333333334
329,Malawi,1993,0.07,4812174,19.75,8.64,2.06,86.14382999999998,21.436955555555556
330,Malawi,1994,0.08,5383257,4.06,3.24,2.24,70.36384999999999,21.5567
331,Malawi,1995,0.07,5300670,11.61,4.25,2.06,71.76765999999998,21.84875555555555
332,Malawi,1996,0.07,5447271,14.98,5.65,2.37,95.15398666666668,21.362544444444445
333,Malawi,1997,0.07,6309420,15.97,4.88,1.16,88.89419666666666,21.656744444444445
334,Malawi,1998,0.05000000000000001,6441540,12.75,4.36,1.28,70.43557888888887,21.975388888888887
335,Malawi,1999,0.04,6573639,10.6,5.87,1.24,112.53979777777779,21.33918888888889
336,Malawi,2000,0.07,7255278,12.01,3.96,1.31,78.07679777777777,21.489966666666664
337,Malawi,2001,0.06,7612143,5.63,1.81,1.78,98.28036555555555,21.522777777777772
338,Malawi,2002,0.04,8028801,20.16,6.05,2.21,79.54927333333333,21.74191111111111
339,Malawi,2003,0.03,8455332,19.49,6.6,3.7,92.20077555555555,21.7728
340,Malawi,2004,0.02,8821557,22.88,7.59,2.51,90.28620333333332,21.586877777777783
341,Malawi,2005,0.09000000000000001,9225450,19.87,5.91,3.52,54.54518777777778,22.344244444444445
342,Malawi,2006,0.06,9758649,24.15,6.99,4.23,62.42462333333332,21.72657777777778
343,Malawi,2007,0.17,9974649,26.9,8.09,4.93,82.55880666666665,21.790722222222218
344,Malawi,2008,0.17,10157697,27.39,3.48,2.68,80.774,21.32485555555556
345,Malawi,2009,0.20000000000000004,11019168,19.82,5.67,4.21,87.06225777777777,21.666466666666665
346,Malawi,2010,0.15,11386260,25.17,4.61,4.35,79.46327333333333,22.117711111111113
347,Malawi,2011,0.15,11391996,22.74,3.74,1.97,103.19198888888891,21.52915555555556
348,Malawi,2012,0.21,11483025,15.64,5.49,3.61,83.08476666666667,21.279122222222227
349,Malawi,2013,0.4000000000000001,12252144,15.68,6.81,5.17,86.83083111111111,21.561855555555557
350,Malawi,2014,0.62,12668952,31.13,3.07,3.48,89.0999388888889,21.6092
351,Malawi,2015,0.62,13601166,28.8,7.04,4.57,65.15915444444444,21.884477777777782
352,Malawi,2016,0.62,12928536,16.65,3.79,2.77,78.49718444444444,21.84458888888889
353,Maldives,2004,4.4,240000,2.0,0.7,0.4,182.22222222222226,28.4
354,Maldives,2005,5.5,249999,4.25,3.13,3.75,182.22222222222226,28.655555555555548
355,Maldives,2006,6.29,300000,17.0,16.86,16.57,182.22222222222226,28.377777777777773
356,Maldives,2007,4.193333333333333,160000,36.57,0.86,0.0,182.22222222222226,28.444444444444446
357,Maldives,2008,4.193333333333333,171582,9.14,0.43,0.0,182.22222222222226,28.044444444444448
358,Maldives,2009,6.29,260124,20.14,17.86,18.29,182.22222222222226,28.46666666666667
359,Maldives,2010,6.38,261423,18.41,17.39,17.54,182.22222222222226,28.711111111111112
360,Maldives,2011,6.38,264966,10.14,6.09,4.49,182.22222222222226,28.36666666666667
361,Maldives,2012,9.57,300000,43.89,16.03,16.27,182.22222222222226,28.52222222222223
362,Maldives,2013,34.2,240000,37.17,36.2,36.01,182.22222222222226,28.43333333333333
363,Mali,1991,0.04666666666666667,48370,4.44,2.57,0.0,31.331958888888888,29.466922222222234
364,Mali,1992,0.04,73128,4.78,6.07,1.34,30.37502333333333,29.002622222222232
365,Mali,1993,0.03,74349,3.82,3.18,0.96,29.773974444444452,29.56806666666667
366,Mali,1994,0.03,75882,3.69,1.85,2.15,37.885983333333336,28.97226666666667
367,Mali,1995,0.02,77718,3.51,2.34,2.05,31.94971888888889,29.32974444444445
368,Mali,1996,0.02,79227,2.58,1.87,1.42,29.96556888888889,29.86817777777777
369,Mali,1997,0.01,80793,5.51,2.58,2.19,29.935897777777786,29.591422222222228
370,Mali,1998,0.01,82008,3.74,3.4,2.73,34.714221111111115,30.091600000000003
371,Mali,1999,0.01,86664,3.89,3.46,3.35,39.87639444444445,29.280622222222217
372,Mali,2000,0.01,84024,2.76,2.95,2.95,30.543944444444453,29.72962222222223
373,Mali,2001,0.01,78135,3.02,3.02,3.02,31.15239666666667,29.66544444444445
374,Mali,2002,0.01,90474,10.45,3.76,3.67,24.990405555555558,29.945755555555554
375,Mali,2003,0.01,80526,7.33,2.77,2.45,39.37680666666667,29.860677777777767
376,Mali,2004,0.01,94596,9.04,3.29,3.53,31.98163777777777,29.811933333333336
377,Mali,2005,0.0,81909,8.77,2.88,2.89,34.64275222222222,30.1601
378,Mali,2006,0.0,150957,10.7,3.29,3.39,32.19536,29.932566666666666
379,Mali,2007,0.0,199308,6.19,2.6,4.4,33.16019222222222,29.83472222222223
380,Mali,2008,0.0,246744,11.01,1.18,5.55,35.42593111111111,29.339522222222218
381,Mali,2009,0.0,298107,10.36,2.8,4.07,33.866227777777766,30.05431111111111
382,Mali,2010,0.0,365040,10.55,4.5,3.02,40.92455888888888,30.459344444444447
383,Mali,2011,0.0,366084,7.97,0.87,0.0,30.72264555555555,30.1337
384,Mali,2012,0.0,422859,8.44,0.0,0.0,39.433786666666656,29.3655
385,Mali,2013,0.0,532017,11.36,1.9,0.99,34.113507777777784,29.943811111111113
386,Mali,2014,0.0,475746,13.7,4.31,2.55,33.34954666666667,29.830444444444453
387,Mali,2015,0.0,443844,16.04,6.72,4.11,33.34218444444444,30.068911111111113
388,Mali,2016,0.0,527958,18.38,9.12,5.66,35.507651111111116,30.059077777777773
389,Mozambique,1991,0.03,132543,0.56,0.46,0.35,81.45839333333333,23.352622222222227
390,Mozambique,1992,0.03,143199,0.8,0.32,0.19,49.92250444444446,23.791077777777783
391,Mozambique,1993,0.03,145809,0.53,0.05,0.27,84.26587111111112,23.483
392,Mozambique,1994,0.03,144546,1.32,0.08,0.26,67.89063666666668,23.234977777777782
393,Mozambique,1995,0.02,146310,1.29,0.08,0.64,65.24802333333335,23.639988888888887
394,Mozambique,1996,0.02,146616,1.76,0.08,0.2,92.36956444444445,23.176388888888887
395,Mozambique,1997,0.01,148053,0.36,0.63,0.58,92.55971333333332,23.366177777777782
396,Mozambique,1998,0.01,147102,0.9,0.38,0.61,75.03645888888889,23.865588888888887
397,Mozambique,1999,0.0033333333333333327,50113,1.91,0.0,0.0,102.90401222222224,23.319977777777773
398,Mozambique,2000,0.01,146883,2.34,0.82,0.29,97.15083444444444,23.29572222222223
399,Mozambique,2001,0.01,140469,3.76,0.47,1.62,93.46789888888887,23.52543333333333
400,Mozambique,2002,0.01,137469,3.77,0.43,1.47,69.71175555555557,23.65501111111111
401,Mozambique,2003,0.06,138876,0.39,0.29,0.02,84.2351188888889,23.66881111111111
402,Mozambique,2004,0.12,135546,0.7,0.72,0.72,87.33497888888887,23.518711111111113
403,Mozambique,2005,0.15,132885,1.22,0.08,0.06,47.967808888888904,24.31525555555556
404,Mozambique,2006,0.17,133263,3.33,0.55,0.53,66.53706444444445,23.595922222222217
405,Mozambique,2007,0.10000000000000002,129717,2.1,0.2,0.24,75.7795088888889,23.7693
406,Mozambique,2008,0.16,132828,7.41,1.83,1.67,72.40364444444444,23.366155555555554
407,Mozambique,2009,0.16,136713,2.62,0.81,0.41,71.33180666666667,23.60477777777778
408,Mozambique,2010,0.20000000000000004,139350,7.29,0.43,0.06,77.2125977777778,24.024455555555555
409,Mozambique,2011,0.13,138615,5.48,1.25,0.25,89.11200444444445,23.53538888888889
410,Mozambique,2012,0.13,138759,4.0,0.61,0.73,79.78415222222222,23.353877777777768
411,Mozambique,2013,0.13,138018,4.48,0.44,0.7,77.94534333333334,23.514922222222218
412,Mozambique,2014,0.13,291495,5.64,0.97,0.55,81.89884555555554,23.61141111111111
413,Mozambique,2015,0.13,294279,2.03,0.92,1.02,62.99458777777776,23.86534444444445
414,Mozambique,2016,0.13,136335,3.23,0.41,0.7,65.14183777777778,23.78471111111111
415,Nicaragua,1991,0.3800000000000001,141648,17.49,4.13,1.33,171.73106666666666,25.281255555555553
416,Nicaragua,1992,0.3800000000000001,139662,17.05,0.26,3.21,161.29394444444446,25.30968888888889
417,Nicaragua,1993,0.42,95302,13.46,3.85,0.0,225.68362222222217,25.1219
418,Nicaragua,1994,0.51,143667,6.9,4.73,2.3,139.12993333333333,25.349944444444446
419,Nicaragua,1995,0.47,144474,13.37,1.6,1.6,216.46536666666668,25.293677777777773
420,Nicaragua,1996,1.09,144672,13.79,5.64,2.22,239.34132222222217,24.91723333333333
421,Nicaragua,1997,1.62,142476,10.09,4.49,3.43,137.08602222222223,25.504466666666666
422,Nicaragua,1998,2.15,141303,10.78,4.43,3.79,182.9899555555556,25.795866666666665
423,Nicaragua,1999,1.97,140844,9.72,4.52,3.03,211.4595,24.93691111111111
424,Nicaragua,2000,1.83,128961,6.6,4.97,1.86,172.29059999999996,24.966022222222218
425,Nicaragua,2001,1.66,134340,5.52,1.04,2.35,141.14744444444446,25.44936666666667
426,Nicaragua,2002,2.52,123120,15.54,6.34,3.18,165.71043333333338,25.678777777777782
427,Nicaragua,2003,2.42,126588,15.8,8.66,3.72,176.29374444444446,25.79008888888889
428,Nicaragua,2004,2.06,128835,15.03,7.13,6.79,232.52331111111116,25.541200000000003
429,Nicaragua,2005,4.1,130356,15.55,4.76,4.24,195.74204444444447,25.588477777777783
430,Nicaragua,2006,3.2000000000000006,130257,19.85,3.03,5.35,199.69617777777782,25.47793333333333
431,Nicaragua,2007,4.7,130218,19.99,6.54,0.51,185.50554444444447,25.466677777777782
432,Nicaragua,2008,5.1,132603,17.1,5.22,0.78,224.57014444444445,25.50634444444444
433,Nicaragua,2009,4.83,135414,24.31,3.23,1.89,165.2426044444444,25.67791111111111
434,Nicaragua,2010,6.7,135180,21.83,1.87,5.43,235.2711888888889,25.80896666666667
435,Nicaragua,2011,2.74,136071,30.56,8.06,4.47,170.61121111111112,25.589055555555554
436,Nicaragua,2012,2.41,138996,35.77,5.36,0.95,170.1372111111111,25.437866666666665
437,Nicaragua,2013,2.47,137490,20.27,6.75,1.9,178.67524444444447,25.45803333333333
438,Nicaragua,2014,2.47,137799,28.25,7.36,7.2,149.38173333333333,25.683266666666665
439,Nicaragua,2015,2.47,139068,31.27,9.74,7.63,143.79595555555557,25.655033333333336
440,Nicaragua,2016,2.47,140199,33.21,8.73,7.78,142.81092222222222,25.95097777777778
441,Oman,1991,0.4000000000000001,315000,60.64,18.64,22.56,5.524241111111113,25.98847777777777
442,Oman,1992,1.53,314634,60.24,18.07,18.07,15.786231111111116,25.60712222222222
443,Oman,1993,1.4400000000000002,287715,69.44,27.78,27.78,4.693389999999999,26.354744444444453
444,Oman,1994,1.11,287769,83.33,11.11,11.11,4.8991211111111115,26.294722222222227
445,Oman,1995,1.17,272727,84.51,12.68,12.68,14.573827777777774,26.26668888888889
446,Oman,1996,1.21,223077,69.11,12.68,12.68,15.632592222222222,26.2639
447,Oman,1997,4.07,210000,49.91,13.83,13.83,15.191618888888893,26.039822222222213
448,Oman,1998,4.2,214287,94.65,10.34,9.86,5.583326666666667,26.87157777777778
449,Oman,1999,2.42,213528,80.21,11.68,11.27,5.167144444444443,26.4384
450,Oman,2000,0.62,146781,54.11,13.78,10.96,2.14713,26.51574444444445
451,Oman,2001,0.9,158520,77.91,22.43,41.02,3.5617344444444448,26.5141
452,Oman,2002,1.19,148845,57.59,17.54,88.83,6.7505266666666675,26.56768888888889
453,Oman,2003,1.49,142293,23.97,19.52,43.63,6.586946666666666,26.778288888888888
454,Oman,2004,1.81,145710,83.72,17.97,96.62,7.0600588888888876,26.75783333333333
455,Oman,2005,2.32,148719,123.2,21.75,112.56,5.4998355555555545,26.39048888888889
456,Oman,2006,2.73,142854,131.2,23.44,173.57,5.897224444444443,26.659177777777767
457,Oman,2007,2.97,145809,117.36,19.02,123.0,21.84721222222223,26.962588888888888
458,Oman,2008,3.19,181317,169.53,27.0,165.57,3.6700455555555562,26.2115
459,Oman,2009,3.18,154599,113.76,22.49,79.89,5.036964444444447,26.789555555555552
460,Oman,2010,3.53,154599,132.65,26.79,96.77,5.862136666666666,27.219222222222232
461,Oman,2011,3.84,157839,124.62,18.9,70.29,5.196305555555557,26.766800000000003
462,Oman,2012,4.66,267888,137.41,20.92,84.84,3.0642666666666667,26.461622222222218
463,Oman,2013,6.41,156249,163.84,23.15,83.64,9.664271111111113,26.38733333333333
464,Oman,2014,5.96,147591,125.06,32.91,113.08,11.592905555555555,26.66925555555556
465,Oman,2015,4.01,153948,112.42,28.28,108.76,6.483811111111112,26.92007777777778
466,Oman,2016,4.08,154077,141.6,41.45,155.42,4.596021111111111,27.0331
467,Pakistan,1991,0.20000000000000004,277650,48.33,13.15,0.77,30.33016666666667,21.20595888888889
468,Pakistan,1992,0.18000000000000002,283698,53.86,16.05,0.79,38.31080777777778,20.890917777777773
469,Pakistan,1993,0.16,299904,53.96,15.1,0.75,26.17884444444445,21.824448888888888
470,Pakistan,1994,0.20000000000000004,304044,56.45,13.93,0.54,42.714322222222215,21.52232444444445
471,Pakistan,1995,0.25,303798,64.17,15.94,0.96,34.62111222222223,21.35178555555556
472,Pakistan,1996,0.3800000000000001,308955,63.68,13.46,0.27,35.71934444444444,21.530005555555555
473,Pakistan,1997,0.53,311628,65.92,17.41,0.65,35.19995111111111,21.020691111111113
474,Pakistan,1998,0.58,283476,65.86,14.64,0.67,32.21046666666667,21.859037777777786
475,Pakistan,1999,0.64,294840,69.85,18.79,0.57,25.879322222222218,22.211985555555554
476,Pakistan,2000,0.88,286557,71.44,21.3,0.72,19.790316666666673,22.107996666666665
477,Pakistan,2001,0.37,282552,71.68,20.08,0.34,23.637566666666668,22.06399111111111
478,Pakistan,2002,0.34,281157,74.8,20.3,0.64,20.229574444444445,22.242014444444447
479,Pakistan,2003,0.31,298542,77.13,21.02,0.75,40.55957777777777,21.923921111111113
480,Pakistan,2004,0.29,316497,82.79,24.51,0.85,23.94579777777778,22.689152222222226
481,Pakistan,2005,0.26,382731,91.03,28.14,1.14,34.00420999999999,21.52429888888889
482,Pakistan,2006,0.22,383574,92.15,29.12,1.17,32.63046111111111,22.478667777777773
483,Pakistan,2007,0.19000000000000006,228633,87.51,26.31,1.42,34.08557777777778,22.20632666666667
484,Pakistan,2008,0.16,345075,96.59,18.66,0.55,33.08782333333333,21.79216777777777
485,Pakistan,2009,0.13,319896,114.01,25.72,0.51,28.377455555555557,22.54573333333333
486,Pakistan,2010,0.10000000000000002,325101,108.15,25.02,1.24,41.777703333333335,22.620522222222217
487,Pakistan,2011,0.06,305739,103.03,21.11,0.91,33.73001111111111,22.146837777777773
488,Pakistan,2012,0.03,332115,91.77,21.85,0.63,26.94081555555556,21.444425555555554
489,Pakistan,2013,0.0,310137,103.57,27.99,0.63,36.23622444444445,21.9941
490,Pakistan,2014,0.0,335580,100.45,29.95,0.95,28.346677777777767,22.005112222222227
491,Pakistan,2015,0.0,372255,101.29,31.84,0.81,40.938322222222226,21.92153444444445
492,Pakistan,2016,0.0,351390,101.97,38.03,0.91,30.575617777777783,22.88152222222222
493,Panama,1991,5.06,269934,25.05,6.37,7.8,184.40571111111115,25.65863333333333
494,Panama,1992,5.01,269292,35.9,4.55,13.33,170.62866666666667,25.77628888888889
495,Panama,1993,5.01,268647,39.67,6.06,3.03,205.84203333333332,25.691455555555557
496,Panama,1994,4.98,268005,26.99,13.53,4.51,159.05874444444444,25.6089
497,Panama,1995,5.05,267360,25.5,13.74,3.05,196.2343111111111,25.712455555555554
498,Panama,1996,5.05,266718,41.83,19.08,6.72,196.5030111111111,25.397111111111112
499,Panama,1997,4.99,266073,32.32,14.26,8.3,165.84801111111108,25.76971111111111
500,Panama,1998,2.99,265431,31.7,13.69,13.95,167.58842222222222,26.24951111111111
501,Panama,1999,2.29,267360,26.03,13.24,10.74,186.4759555555556,25.237433333333332
502,Panama,2000,1.58,281532,22.01,7.93,14.93,193.48537777777776,25.149
503,Panama,2001,3.94,291672,22.6,10.03,8.62,171.28036666666668,25.640277777777772
504,Panama,2002,3.03,254685,21.43,5.85,3.99,196.03430000000003,25.919322222222217
505,Panama,2003,3.4599999999999995,256710,24.89,8.41,6.29,201.66184444444443,26.0393
506,Panama,2004,3.66,259341,21.52,3.34,7.78,219.5261888888889,25.742911111111106
507,Panama,2005,3.78,256764,22.06,2.31,2.27,171.9637,25.890933333333336
508,Panama,2006,3.73,257787,25.08,1.99,2.34,181.23527777777775,25.725811111111106
509,Panama,2007,3.1300000000000003,256227,20.29,2.56,2.9,210.0704888888889,25.72362222222223
510,Panama,2008,3.0,254625,21.61,2.44,2.99,215.16577777777775,25.3975
511,Panama,2009,2.84,255039,24.02,5.21,6.43,173.92422222222226,25.765344444444448
512,Panama,2010,2.57,256602,28.52,7.85,11.52,196.96004444444438,26.139477777777767
513,Panama,2011,2.46,255999,17.45,5.84,4.75,184.83114444444442,25.73443333333333
514,Panama,2012,1.83,255393,30.29,14.88,12.64,156.37715555555556,25.87823333333333
515,Panama,2013,3.2999999999999994,254790,35.58,18.02,13.18,150.85255555555554,26.073644444444447
516,Panama,2014,3.28,253692,21.27,12.11,11.06,179.01324444444447,26.22855555555556
517,Panama,2015,3.25,252963,21.74,16.18,18.22,139.5369777777778,26.217566666666666
518,Panama,2016,3.23,252360,12.73,10.47,11.23,148.1979111111111,26.510966666666665
519,Paraguay,1991,1.51,565800,1.94,6.01,1.25,80.88974888888889,23.131633333333333
520,Paraguay,1992,1.42,579429,2.02,6.11,1.05,114.31281111111109,22.06878888888889
521,Paraguay,1993,2.43,583137,4.15,2.1,2.52,62.67804444444445,22.49988888888889
522,Paraguay,1994,3.25,558594,3.91,1.97,3.16,79.38263333333333,23.447033333333334
523,Paraguay,1995,3.97,543297,3.72,1.86,2.98,73.48917333333333,22.768077777777773
524,Paraguay,1996,4.87,536577,5.21,1.86,5.21,87.76176666666667,22.259788888888888
525,Paraguay,1997,5.78,567453,5.59,8.19,8.19,91.24717777777776,23.143366666666665
526,Paraguay,1998,4.15,612060,6.97,10.0,7.49,110.58832222222223,22.426577777777773
527,Paraguay,1999,1.67,616962,6.11,8.53,6.91,77.56909777777777,22.66227777777777
528,Paraguay,2000,1.13,509022,5.88,8.33,6.75,81.84017777777778,22.52706666666667
529,Paraguay,2001,3.31,518013,6.91,7.41,6.56,76.29096666666666,23.30112222222223
530,Paraguay,2002,3.5499999999999994,507474,10.56,20.69,15.06,88.73147777777777,23.3221
531,Paraguay,2003,3.82,432882,12.33,28.0,23.96,81.57792222222223,22.964477777777773
532,Paraguay,2004,4.06,461385,14.62,32.78,28.76,68.8105211111111,22.682533333333332
533,Paraguay,2005,4.29,421599,11.77,29.18,22.97,76.30322222222223,22.72507777777778
534,Paraguay,2006,4.5,411879,13.12,31.75,25.85,72.43845555555555,23.12315555555556
535,Paraguay,2007,4.71,873846,20.55,37.44,33.81,81.30141,22.54193333333333
536,Paraguay,2008,4.89,899586,15.32,30.23,27.59,75.67703333333333,22.42218888888889
537,Paraguay,2009,5.06,888315,14.96,29.48,19.6,74.18310000000002,22.65483333333333
538,Paraguay,2010,5.2,910587,20.1,34.68,29.03,88.86539888888888,22.6062
539,Paraguay,2011,5.3,882738,23.91,42.36,33.64,81.55172222222222,22.819133333333333
540,Paraguay,2012,5.28,916131,21.95,34.38,26.28,84.60536666666667,23.142066666666665
541,Paraguay,2013,5.400000000000001,895167,25.26,39.23,30.8,77.31,22.556711111111113
542,Paraguay,2014,3.81,887490,28.33,41.26,36.82,116.80065555555558,23.321844444444448
543,Paraguay,2015,3.82,888168,24.69,39.83,30.06,104.26714444444444,23.44418888888889
544,Paraguay,2016,3.91,889677,25.32,46.96,39.25,87.74072222222222,22.503811111111112
545,Philippines,1991,1.11,207537,30.62,7.85,6.83,168.99444444444444,26.099055555555548
546,Philippines,1992,1.16,207636,36.87,7.43,7.09,159.85021111111112,25.868977777777783
547,Philippines,1993,1.22,200208,41.0,9.86,6.93,153.85373333333334,25.87906666666667
548,Philippines,1994,1.38,205404,41.29,10.85,9.51,200.31757777777776,26.02052222222223
549,Philippines,1995,1.5200000000000002,207030,41.03,13.39,7.37,186.52421111111116,25.91313333333333
550,Philippines,1996,1.61,226296,49.56,14.98,11.15,190.08616666666663,25.7737
551,Philippines,1997,1.6499999999999997,211977,55.46,15.04,11.36,170.76001111111108,25.714588888888887
552,Philippines,1998,1.68,217164,41.62,12.06,10.22,125.61855555555556,26.5581
553,Philippines,1999,1.8,221109,49.09,14.58,12.34,263.444,25.86564444444444
554,Philippines,2000,1.76,212535,50.15,12.75,12.56,220.63877777777782,25.95328888888889
555,Philippines,2001,1.75,209592,52.39,15.35,12.95,234.10833333333335,26.197744444444453
556,Philippines,2002,1.8,209952,46.21,13.43,11.73,202.09937777777782,25.92836666666667
557,Philippines,2003,1.81,206787,58.79,13.29,13.14,219.68506666666667,25.88128888888889
558,Philippines,2004,1.82,203010,63.17,12.98,12.06,190.09573333333336,26.002688888888887
559,Philippines,2005,1.94,218091,55.21,13.93,10.35,185.22082222222218,26.090855555555553
560,Philippines,2006,1.99,212709,47.06,14.76,11.61,190.8151,26.061688888888888
561,Philippines,2007,2.05,215463,50.53,19.94,11.43,179.9034888888889,26.189811111111112
562,Philippines,2008,2.08,208518,38.18,7.54,8.71,262.16133333333335,25.67738888888889
563,Philippines,2009,2.1,199725,40.39,6.15,16.48,239.7735555555555,25.780711111111113
564,Philippines,2010,2.16,195396,55.96,8.72,11.03,170.1054111111111,26.11306666666667
565,Philippines,2011,1.96,187998,48.18,14.03,11.16,259.46674444444443,25.656866666666666
566,Philippines,2012,1.92,185469,43.0,7.36,10.06,250.50322222222226,26.16771111111111
567,Philippines,2013,1.95,176109,48.21,18.41,13.02,205.3813333333333,26.254144444444453
568,Philippines,2014,1.94,173547,54.44,12.44,13.52,187.46651111111112,25.879555555555548
569,Philippines,2015,2.13,176802,48.16,12.0,11.08,177.1423888888889,26.124044444444444
570,Philippines,2016,0.37,138639,57.42,14.4,14.85,167.81463333333338,26.64376666666667
571,Portugal,1991,3.0400000000000005,241095,45.75,24.66,13.3,50.43782444444446,16.241414444444445
572,Portugal,1992,2.01,244422,41.78,23.03,14.8,38.63644555555556,16.063319999999994
573,Portugal,1993,3.0,249870,43.04,24.36,16.02,48.27306666666666,15.586521111111107
574,Portugal,1994,3.25,282060,43.36,24.73,15.92,50.915277777777774,16.028772222222226
575,Portugal,1995,4.07,301512,43.1,24.48,16.55,42.18309111111111,16.514684444444445
576,Portugal,1996,4.56,260088,48.35,27.84,18.32,83.67320555555557,15.881762222222221
577,Portugal,1997,4.92,295947,46.72,25.87,18.53,51.025166666666664,16.67406777777778
578,Portugal,1998,5.739999999999998,357528,52.23,28.31,19.94,56.91076333333332,16.646575555555557
579,Portugal,1999,6.349999999999999,302511,49.46,28.44,19.79,53.308822222222226,16.22654111111111
580,Portugal,2000,6.09,346587,44.5,24.81,16.93,44.79475000000001,16.209574444444446
581,Portugal,2001,6.43,310416,42.73,25.72,17.84,73.83682333333334,16.57049
582,Portugal,2002,7.25,380589,68.05,32.93,28.8,53.226398888888895,15.838717777777779
583,Portugal,2003,7.349999999999999,385386,47.5,38.64,30.79,57.881077777777776,16.881735555555554
584,Portugal,2004,7.57,361956,56.24,53.37,33.47,43.89750555555556,16.481815555555556
585,Portugal,2005,7.96,328965,49.96,37.6,41.25,22.834246666666665,16.36792111111111
586,Portugal,2006,7.919999999999999,363120,44.07,25.79,15.96,52.50203333333334,16.70918111111111
587,Portugal,2007,8.88,342738,60.13,36.21,27.94,53.37669444444444,16.13466777777778
588,Portugal,2008,8.79,301998,54.1,21.17,22.37,62.678931111111105,16.510877777777775
589,Portugal,2009,7.32,357018,50.91,13.83,9.77,44.94442666666666,16.66172777777778
590,Portugal,2010,7.400000000000001,370602,53.85,22.26,15.72,90.3947622222222,16.49376777777778
591,Portugal,2011,7.59,422007,51.43,15.99,13.33,61.591238888888896,16.710384444444443
592,Portugal,2012,6.71,390117,57.58,17.87,15.91,33.445237777777784,16.37262777777778
593,Portugal,2013,5.37,435018,58.71,21.01,21.52,70.66535777777777,16.239504444444446
594,Portugal,2014,6.98,460536,70.37,22.88,20.31,70.31569555555556,16.564861111111117
595,Portugal,2015,5.489999999999998,447600,64.71,25.34,19.01,33.11214222222222,16.539482222222222
596,Portugal,2016,5.61,522138,62.21,29.06,18.59,72.34735111111111,16.563788888888887
597,Qatar,1991,0.09000000000000001,44950,136.36,0.0,0.0,5.743116666666666,27.75921111111111
598,Qatar,1992,0.06999999999999999,44857,107.14,0.0,0.0,5.17597,27.102711111111105
599,Qatar,1993,0.06666666666666668,44828,133.33,0.0,0.0,11.55492111111111,27.976022222222227
600,Qatar,1994,0.06666666666666668,44870,400.0,0.0,0.0,3.9707966666666663,28.72072222222223
601,Qatar,1995,0.09000000000000001,44758,400.0,0.0,0.0,7.187445555555557,28.357111111111113
602,Qatar,1996,0.12666666666666668,45099,73.25,0.0,0.0,11.174703333333332,28.86027777777777
603,Qatar,1997,0.46,44908,72.81,0.0,0.0,9.95126,28.091811111111113
604,Qatar,1998,0.77,45455,62.5,0.0,0.0,7.727464444444443,29.34893333333333
605,Qatar,1999,1.1033333333333333,45882,50.0,0.0,0.0,7.554559999999999,29.846811111111112
606,Qatar,2000,1.4166666666666667,44444,31.25,0.0,0.0,1.3779044444444442,29.273122222222213
607,Qatar,2001,1.39,48256,55.21,0.0,0.0,1.7931588888888892,29.1372
608,Qatar,2002,4.69,170535,68.97,5.52,29.72,3.9743322222222224,29.1942
609,Qatar,2003,4.66,202758,68.49,0.0,0.0,4.994410000000001,29.25161111111111
610,Qatar,2004,4.66,256227,68.49,0.0,0.0,3.195105555555556,29.177100000000006
611,Qatar,2005,4.79,366693,70.42,0.0,0.0,6.2490588888888885,28.69005555555556
612,Qatar,2006,1.4533333333333334,118259,64.1,0.0,0.0,4.3683877777777775,29.521855555555558
613,Qatar,2007,1.4533333333333334,108120,64.1,0.0,0.0,4.364476666666667,29.315344444444452
614,Qatar,2008,2.66,177778,58.62,0.0,211.02,3.4166544444444447,29.296922222222218
615,Qatar,2009,3.0,114942,66.23,0.0,7.95,3.3966933333333333,29.448244444444448
616,Qatar,2010,2.7466666666666666,63964,60.61,0.0,218.18,2.759043333333333,30.1497
617,Qatar,2011,3.013333333333333,56040,66.53,0.0,79.84,4.495775555555556,29.73178888888889
618,Qatar,2012,4.12,71052,60.53,0.0,72.64,1.0109588888888892,29.337855555555556
619,Qatar,2013,3.68,70668,54.05,0.0,0.0,2.2898000000000005,29.260922222222234
620,Qatar,2014,3.86,73170,56.82,0.0,0.0,5.802925555555557,29.457577777777782
621,Qatar,2015,3.82,104742,78.65,22.47,78.65,1.6201455555555553,29.81937777777778
622,Qatar,2016,4.0,135609,76.47,23.53,82.35,1.7871533333333336,29.832377777777783
623,Rwanda,2000,0.13,42858,0.09,0.09,0.09,67.4815388888889,20.081666666666663
624,Rwanda,2001,0.06,44682,0.08,0.08,0.08,103.67985888888887,20.250488888888892
625,Rwanda,2002,0.08,45000,0.64,0.58,0.57,86.93325444444444,20.616544444444443
626,Rwanda,2003,0.10000000000000002,45204,0.65,0.59,0.58,96.29431888888887,20.503411111111106
627,Rwanda,2004,0.12,45000,0.52,0.46,0.52,75.62082444444445,20.596344444444448
628,Rwanda,2005,0.17,45000,0.91,0.82,0.82,83.16621000000002,20.61834444444445
629,Rwanda,2006,0.21,44211,0.44,1.13,1.31,88.37461666666668,20.197177777777775
630,Rwanda,2007,0.29,45069,1.89,3.11,1.47,113.52259,19.9824
631,Rwanda,2008,0.24,40071,2.05,3.16,2.66,87.58337222222224,19.97772222222222
632,Rwanda,2009,0.87,99780,0.39,0.33,0.33,91.24069222222221,20.550411111111114
633,Rwanda,2010,0.23,30749,0.07,0.0,0.0,114.95480999999998,20.22241111111111
634,Rwanda,2011,0.13,83667,0.06,0.02,0.0,141.24054444444445,20.171344444444443
635,Rwanda,2012,0.66,122790,1.65,2.04,0.48,64.65917222222222,19.889211111111113
636,Rwanda,2013,1.29,88284,4.69,2.99,1.54,93.31460333333335,19.801877777777776
637,Rwanda,2014,1.47,90672,4.96,3.31,2.09,90.57097777777778,20.076522222222227
638,Rwanda,2015,1.7700000000000002,93879,7.92,5.02,3.26,75.71998666666666,19.813155555555557
639,Rwanda,2016,1.45,95739,3.09,4.89,0.94,115.70155555555556,20.34642222222222
640,Samoa,2002,0.41,149079,0.09,0.07,0.07,253.54242222222226,28.229455555555557
641,Samoa,2003,0.57,148950,0.17,0.29,0.12,219.47677777777776,27.808144444444448
642,Samoa,2004,0.73,148767,0.35,0.35,0.3,196.51990000000004,27.37161111111111
643,Samoa,2005,0.92,148527,0.32,0.34,0.32,288.63777777777767,27.868977777777772
644,Samoa,2006,1.13,148266,0.25,0.22,0.19,301.7341111111112,27.680533333333337
645,Samoa,2007,1.33,147858,0.46,0.32,0.32,296.96055555555563,28.036033333333336
646,Samoa,2008,1.63,147552,0.56,0.5,0.47,241.21833333333333,27.44912222222223
647,Samoa,2009,1.94,147189,0.37,0.43,0.37,225.20766666666668,27.754922222222234
648,Samoa,2010,1.7700000000000002,146817,0.17,0.14,0.14,257.52777777777777,27.885655555555548
649,Samoa,2011,1.68,146436,0.1,0.12,0.15,199.9604888888889,27.221755555555557
650,Samoa,2012,1.61,144828,0.01,0.04,0.03,224.50784444444446,27.1828
651,Samoa,2013,1.54,145659,0.17,0.15,0.12,285.4598888888888,27.636866666666666
652,Samoa,2014,1.5,145551,0.12,0.01,0.0,251.47066666666672,27.39634444444444
653,Samoa,2015,1.45,145431,0.02,0.12,0.03,266.774,27.348333333333336
654,Samoa,2016,1.53,145035,0.2,0.03,0.02,208.2736333333333,27.880388888888888
655,Seychelles,1999,4.75,253716,2.5,1.5,1.75,127.73215555555555,27.08274444444445
656,Seychelles,2000,4.75,254067,3.75,2.75,4.0,123.4207,26.99821111111111
657,Seychelles,2001,4.75,258423,2.0,1.25,1.75,153.38668888888893,27.23171111111111
658,Seychelles,2003,4.75,269076,2.0,0.25,3.75,152.00132222222226,27.4197
659,Seychelles,2004,4.75,271647,0.75,1.0,1.0,120.67516666666668,27.113111111111113
660,Seychelles,2005,4.75,277212,2.5,2.5,3.5,108.04221111111113,27.401155555555558
661,Seychelles,2006,3.1666666666666665,188290,1.0,0.0,1.75,109.99671111111107,27.396355555555555
662,Seychelles,2007,4.22,197732,8.33,0.0,1.67,112.99292222222223,27.701
663,Seychelles,2008,6.330000000000001,313935,4.67,3.0,3.67,100.25318888888887,27.181744444444448
664,Seychelles,2009,6.55,320970,8.28,3.79,5.86,125.62231111111113,27.62532222222222
665,Seychelles,2010,7.919999999999999,307899,4.17,2.08,5.83,145.58637777777778,27.8121
666,Seychelles,2011,12.67,357717,20.0,3.33,6.67,108.24727777777777,27.67547777777777
667,Seychelles,2012,12.67,396012,25.96,13.1,9.94,107.62787777777777,27.55465555555556
668,Seychelles,2013,12.26,410586,16.85,7.49,8.72,125.12086666666664,27.51404444444445
669,Seychelles,2014,12.26,422358,23.72,2.03,6.88,138.12735555555557,27.51094444444445
670,Seychelles,2015,12.26,405066,37.15,22.23,19.68,124.63558888888888,27.78645555555555
671,Seychelles,2016,12.26,417669,30.61,7.69,12.19,137.36931111111113,27.616266666666668
672,Suriname,1991,3.0400000000000005,198000,8.82,2.94,2.94,220.044,25.72071111111111
673,Suriname,1992,2.91,202506,38.24,1.47,2.94,189.19834444444442,25.467588888888887
674,Suriname,1993,2.76,225327,44.12,1.47,2.94,233.78756666666663,25.355911111111112
675,Suriname,1994,2.63,231258,58.82,1.47,2.94,242.94063333333332,25.505355555555557
676,Suriname,1995,2.49,220953,58.82,1.47,2.94,188.5869888888889,26.2125
677,Suriname,1996,2.09,199026,102.94,1.47,2.94,259.2318777777777,25.866922222222218
678,Suriname,1997,2.07,243444,101.49,1.49,2.99,205.69212222222225,25.820855555555557
679,Suriname,1998,2.25,238647,84.99,11.94,16.42,188.76092222222218,26.57771111111111
680,Suriname,1999,1.6333333333333335,160600,71.64,0.0,7.46,228.98888888888885,25.699322222222218
681,Suriname,2000,1.7533333333333332,144318,79.1,0.0,7.46,275.23225555555547,25.614455555555555
682,Suriname,2001,2.8000000000000003,161944,78.46,0.0,7.69,177.19261111111112,25.904633333333337
683,Suriname,2002,7.12,257115,75.23,2.29,2.25,217.42961111111111,25.87051111111111
684,Suriname,2003,7.07,289779,91.69,4.36,2.28,181.19143333333332,26.17743333333333
685,Suriname,2004,6.07,272049,106.42,10.14,10.14,224.27592222222225,25.94375555555556
686,Suriname,2005,7.31,264408,76.51,5.05,13.2,248.73962222222232,26.429500000000004
687,Suriname,2006,6.75,291114,136.8,10.36,16.16,238.43295555555562,26.16873333333333
688,Suriname,2007,7.650000000000001,292494,99.37,13.87,18.96,252.36330000000004,26.077333333333332
689,Suriname,2008,9.63,335118,277.88,108.85,109.17,244.6967111111111,25.80295555555556
690,Suriname,2009,9.78,283422,120.03,13.29,12.41,184.42971111111112,26.16938888888889
691,Suriname,2010,7.84,326952,161.38,15.11,14.59,224.52047777777776,26.51904444444445
692,Suriname,2011,14.86,411837,146.7,21.9,21.32,242.56227777777775,26.007266666666666
693,Suriname,2012,11.12,409404,106.43,31.4,34.56,234.03243333333333,25.82135555555556
694,Suriname,2013,8.14,445614,98.03,31.22,26.06,246.00453333333337,26.001244444444442
695,Suriname,2014,8.77,391758,133.68,24.74,20.09,197.4407444444444,26.006888888888888
696,Suriname,2015,13.85,366717,152.44,20.07,16.4,240.56377777777774,26.143644444444448
697,Suriname,2016,8.68,401940,171.21,15.39,12.71,209.6377555555556,26.222666666666665
698,Togo,1991,0.10000000000000002,133410,2.5,1.67,1.18,133.71387777777778,27.123911111111113
699,Togo,1992,0.09000000000000001,133623,2.71,1.67,1.19,96.81470666666668,26.87917777777778
700,Togo,1993,0.09000000000000001,133836,2.06,1.3,0.92,106.20044555555555,26.998577777777783
701,Togo,1994,0.09000000000000001,134046,2.25,1.57,1.03,106.39638111111113,27.086577777777773
702,Togo,1995,0.09000000000000001,134259,2.55,3.39,1.21,125.32905888888891,27.18372222222222
703,Togo,1996,0.08,134472,3.37,1.96,2.01,113.69430555555556,27.23432222222223
704,Togo,1997,0.09000000000000001,134685,2.45,2.2,2.2,108.4978,27.076677777777785
705,Togo,1998,0.10000000000000002,134898,2.61,2.09,2.09,108.6097,27.784955555555552
706,Togo,1999,0.11,135111,3.23,1.6,1.6,129.84786666666665,27.175455555555555
707,Togo,2000,0.12,135324,3.41,2.07,2.07,103.79674777777777,27.38521111111111
708,Togo,2001,0.14,135537,3.71,2.02,2.02,94.96698333333332,27.424177777777786
709,Togo,2002,0.15,135750,2.35,1.48,1.49,110.72455,27.579811111111113
710,Togo,2003,0.17,135963,2.66,2.32,2.41,126.88978888888887,27.62422222222223
711,Togo,2004,0.24,136200,1.8,0.74,0.97,114.00313333333332,27.36083333333333
712,Togo,2005,0.09000000000000001,135057,0.26,0.01,0.03,108.83255555555556,27.73376666666667
713,Togo,2006,0.12,133929,0.0,0.0,0.01,103.89690555555555,27.779933333333336
714,Togo,2007,0.11,137049,0.0,0.0,0.0,128.28378555555554,27.53931111111111
715,Togo,2008,0.09000000000000001,139656,0.0,0.0,0.0,132.24867,27.26231111111111
716,Togo,2009,0.07,140001,0.0,0.55,2.18,121.76602777777777,27.701366666666665
717,Togo,2010,0.09000000000000001,138108,3.46,1.95,3.67,124.91466777777781,28.101255555555554
718,Togo,2011,0.05000000000000001,137751,5.0,0.91,3.51,106.17571000000001,27.732922222222218
719,Togo,2012,0.12,135939,2.41,1.92,0.35,114.55061777777777,27.34591111111111
720,Togo,2013,0.13,137478,3.3,3.04,4.68,99.57695222222222,27.637677777777782
721,Togo,2014,0.29,138246,0.62,1.12,0.0,118.48133333333334,27.80793333333333
722,Togo,2015,0.4000000000000001,138174,0.35,0.41,2.37,93.68281444444445,27.975733333333334
723,Togo,2016,0.46,138243,4.38,3.25,5.22,112.26790444444448,27.95104444444444
724,Tonga,2002,0.42,91830,0.0,0.0,0.0,172.5495,24.884022222222214
725,Tonga,2003,0.42,91038,0.0,0.0,0.0,115.27105555555558,25.152655555555555
726,Tonga,2004,0.42,91065,0.0,0.0,0.0,161.45076666666668,24.911855555555558
727,Tonga,2005,0.42,91002,0.0,0.0,0.0,121.48618888888888,25.248566666666665
728,Tonga,2006,0.41,94872,0.0,0.0,0.0,133.39442222222226,25.245744444444448
729,Tonga,2007,0.41,95799,0.0,0.0,0.0,147.00043333333332,25.518500000000003
730,Tonga,2008,0.41,89694,3.97,1.1,0.93,155.90043333333332,24.88503333333333
731,Tonga,2009,0.39,87330,3.83,1.21,1.65,143.78007777777782,25.017644444444446
732,Tonga,2010,0.39,84390,0.34,2.99,3.02,151.64798888888888,25.409011111111113
733,Tonga,2011,0.39,80649,0.26,2.05,2.05,175.2596888888889,25.170566666666666
734,Tonga,2012,0.3800000000000001,66531,1.86,1.69,1.53,138.03458888888886,24.89928888888889
735,Tonga,2013,0.3800000000000001,71007,2.5,1.38,1.35,148.07632222222222,25.22121111111111
736,Tonga,2014,0.5,73935,1.53,1.25,1.25,148.12776666666667,24.996288888888888
737,Tonga,2015,0.39,71127,1.79,1.88,1.66,126.41191111111112,24.722288888888887
738,Tonga,2016,0.26,68091,2.98,1.89,1.8,151.77994444444445,25.42841111111111
739,Uruguay,1991,1.36,321069,21.8,35.8,3.08,104.84911111111113,17.451166666666666
740,Uruguay,1992,1.58,355671,24.31,34.3,3.28,117.59594444444444,16.940275555555555
741,Uruguay,1993,1.23,345669,25.66,39.25,3.77,109.21671111111112,16.904764444444446
742,Uruguay,1994,1.7,350127,18.68,26.16,2.24,100.73127777777776,17.293377777777778
743,Uruguay,1995,1.79,349158,15.54,29.61,3.7,93.41077777777778,16.694177777777778
744,Uruguay,1996,2.53,386445,34.48,75.2,2.93,89.91878888888891,16.78294
745,Uruguay,1997,2.44,358125,34.16,58.43,1.31,88.72265555555555,17.77962222222222
746,Uruguay,1998,3.0499999999999994,363876,38.52,47.16,7.92,125.79172222222223,16.613522222222223
747,Uruguay,1999,2.7999999999999994,390996,30.67,38.15,6.42,104.44845555555555,16.730444444444444
748,Uruguay,2000,2.58,377106,25.61,39.76,8.21,131.43915555555554,17.073123333333335
749,Uruguay,2001,3.12,394452,37.67,39.99,4.21,134.61065555555555,17.989677777777775
750,Uruguay,2002,3.64,368244,18.27,40.67,0.28,152.1639222222222,17.198677777777778
751,Uruguay,2003,5.22,390045,46.19,58.39,2.79,133.14716666666666,16.825411111111116
752,Uruguay,2004,4.206666666666666,255408,59.09,67.26,0.0,85.24583333333334,17.500033333333338
753,Uruguay,2005,6.45,440937,51.59,83.25,1.78,132.0019777777778,17.461077777777774
754,Uruguay,2006,6.41,566547,67.6,76.46,1.41,92.28025555555556,17.356711111111117
755,Uruguay,2007,9.32,635223,61.34,75.12,0.0,127.55036666666668,16.648352222222222
756,Uruguay,2008,7.169999999999999,470940,49.8,50.13,2.63,79.09366666666669,17.417477777777773
757,Uruguay,2009,6.05,602964,47.27,44.02,1.33,87.79121111111112,17.33804
758,Uruguay,2010,7.23,555630,73.14,54.52,15.44,129.33358888888893,17.3206
759,Uruguay,2011,7.330000000000001,556539,59.03,64.99,5.42,99.60989999999998,17.081033333333334
760,Uruguay,2012,10.72,711930,99.02,69.83,6.7,100.66634444444445,17.52494777777778
761,Uruguay,2013,8.13,435279,88.99,108.64,51.18,96.09836666666668,16.607844444444446
762,Uruguay,2014,10.01,561945,76.72,80.24,38.89,141.8968777777778,17.477166666666665
763,Uruguay,2015,6.13,500703,47.81,47.37,15.96,93.49623333333334,18.051311111111108
764,Uruguay,2016,6.39,547779,74.89,67.35,20.87,107.09700000000001,16.790145555555554
765,Zimbabwe,1991,2.21,156765,29.45,14.16,10.26,40.420284444444434,20.69412222222222
766,Zimbabwe,1992,1.07,156000,18.64,11.2,6.93,22.12357888888889,21.611855555555554
767,Zimbabwe,1993,0.55,175794,26.24,14.73,9.97,45.326531111111116,20.973366666666664
768,Zimbabwe,1994,0.52,171510,29.03,13.22,11.09,29.754026666666668,20.67894444444445
769,Zimbabwe,1995,0.81,172956,23.68,11.84,9.66,27.629774444444447,21.338922222222227
770,Zimbabwe,1996,0.73,174462,26.86,10.57,10.57,54.371219999999994,20.56171111111111
771,Zimbabwe,1997,0.77,174687,26.11,12.22,10.28,69.88063000000002,20.69091111111111
772,Zimbabwe,1998,0.82,173931,27.14,12.0,10.86,42.198076666666665,21.49634444444445
773,Zimbabwe,1999,0.8000000000000002,176685,27.4,11.78,11.51,52.78080555555553,20.761322222222226
774,Zimbabwe,2000,0.8000000000000002,188367,23.62,11.73,9.32,70.15607444444444,20.57512222222222
775,Zimbabwe,2001,0.81,187176,22.16,9.46,9.51,63.39672555555554,21.04833333333333
776,Zimbabwe,2002,0.81,190410,18.86,12.82,3.06,26.19680111111111,21.258655555555556
777,Zimbabwe,2003,0.82,192084,20.67,11.84,6.43,45.78428555555556,21.0467
778,Zimbabwe,2004,0.79,196203,13.23,5.23,3.68,57.23847111111112,21.02204444444445
779,Zimbabwe,2005,0.7799999999999999,199476,12.1,5.19,3.96,31.006335555555548,22.01264444444445
780,Zimbabwe,2006,0.75,199485,14.41,10.79,6.38,52.95461333333332,20.851744444444442
781,Zimbabwe,2007,0.7799999999999999,201222,14.0,7.39,4.98,39.09722777777778,21.28434444444445
782,Zimbabwe,2008,0.7399999999999999,203319,11.16,7.04,3.29,38.46898555555557,20.952211111111108
783,Zimbabwe,2009,0.7799999999999999,205275,15.75,9.75,2.59,44.370564444444454,21.227055555555555
784,Zimbabwe,2010,0.81,207177,17.2,11.66,4.4,47.15333000000001,21.354155555555558
785,Zimbabwe,2011,0.7799999999999999,208797,13.85,9.07,3.01,46.47990555555556,20.683533333333326
786,Zimbabwe,2012,0.82,212640,10.0,4.88,2.93,41.57986777777778,20.933366666666668
787,Zimbabwe,2013,0.62,213087,9.07,5.78,3.66,45.996087777777774,20.72375555555556
788,Zimbabwe,2014,0.53,215637,11.27,7.66,4.93,41.425087777777755,20.738733333333336
789,Zimbabwe,2015,0.53,218052,10.39,7.22,4.73,30.084737777777768,21.112533333333328
790,Zimbabwe,2016,0.53,219057,14.17,9.59,7.95,24.975561111111112,21.214977777777776
